iter	Logloss
0	0.5997918708
1	0.570369683
2	0.5568101787
3	0.5505504614
4	0.5475073806
5	0.5457953313
6	0.5445223596
7	0.5433784258
8	0.5425992502
9	0.5415326447
