iter	Logloss
0	0.3192621231
1	0.1786360468
2	0.104955864
3	0.0735631534
4	0.05275963375
5	0.0379300969
6	0.02933825084
7	0.0241613371
8	0.02058851378
9	0.01646369525
